Sprint,Work Item Type,Title,Parent,Description,Effort,Assigned To,Iteration Path
Sprint 1,Feature,Project Setup & Architecture,Foundation & Planning,"Repo, CI/CD, DB",,,Saas-sphyco_code\Sprint 1
Sprint 1,User Story,Repository Setup,Project Setup & Architecture,"As a DevOps engineer, I want a GitHub repo.",8h,DevOps Lead,Saas-sphyco_code\Sprint 1
Sprint 1,User Story,Tech Stack Finalization,Project Setup & Architecture,Finalize tech stack,12h,Tech Lead,Saas-sphyco_code\Sprint 1
Sprint 1,User Story,Database Design,Project Setup & Architecture,Create ERD/schema,16h,app Lead,Saas-sphyco_code\Sprint 
Sprint 2,Feature,Authentication & User Management,Foundation & Planning,"JWT login, register",,,Saas-sphyco_code\Sprint  2
Sprint 2,User Story,JWT Authentication,Authentication & User Management,Secure login/logout,16h,app Dev 1,Saas-sphyco_code\Sprint  2
Sprint 2,User Story,User Registration,Authentication & User Management,Register + email verification,12h,app Dev 2,Saas-sphyco_code\Sprint  2
Sprint 2,User Story,Frontend Auth Components,Authentication & User Management,Login/register screens,14h,Frontend Dev 1,Saas-sphyco_code\Sprint  2
Sprint 3,Feature,Team Management,Core Features Development,"CRUD, membership",,,Saas-sphyco_code\Sprint  3
Sprint 3,User Story,CRUD Teams,Team Management,Create/update/delete teams,16h,app Dev 2,Saas-sphyco_code\Sprint  3
Sprint 3,User Story,Team Membership,Team Management,"Add/remove members, roles",18h,app Dev 1,Saas-sphyco_code\Sprint  3
Sprint 3,User Story,Team Management UI,Team Management,UI for teams,20h,Frontend Dev 2,Saas-sphyco_code\Sprint  3
Sprint 4,Feature,Assessment Framework,Core Features Development,"Framework CRUD, questions",,,Saas-sphyco_code\Sprint  4
Sprint 4,User Story,Assessment Framework CRUD,Assessment Framework,Manage frameworks,18h,app Dev 3,Saas-sphyco_code\Sprint  4
Sprint 4,User Story,Question Engine,Assessment Framework,Deliver questions & collect responses,20h,app Dev 1,Saas-sphyco_code\Sprint  4
Sprint 4,User Story,Assessment UI Components,Assessment Framework,Assessment interface,22h,Frontend Dev 1,Saas-sphyco_code\Sprint  4
Sprint 5,Feature,Results & Analytics,Core Features Development,"Scoring engine, results",,,Saas-sphyco_code\Sprint  5
Sprint 5,User Story,Scoring Engine,Results & Analytics,"MBTI, Big Five, DISC",24h,Data Scientist,Saas-sphyco_code\Sprint  5
Sprint 5,User Story,Results Storage,Results & Analytics,Store & retrieve results,16h,app Dev 2,Saas-sphyco_code\Sprint  5
Sprint 5,User Story,Results Visualization,Results & Analytics,Charts & profiles,20h,Frontend Dev 3,Saas-sphyco_code\Sprint  5
Sprint 6,Feature,Analytics Dashboard,Core Features Development,Basic analytics UI,,,Saas-sphyco_code\Sprint  6
Sprint 6,User Story,Metrics Calculation,Analytics Dashboard,Team compatibility scoring,20h,Data Scientist,Saas-sphyco_code\Sprint  6
Sprint 6,User Story,Dashboard API,Analytics Dashboard,Dashboard endpoints,14h,app Dev 3,Saas-sphyco_code\Sprint  6
Sprint 6,User Story,Dashboard UI,Analytics Dashboard,Main dashboard layout,18h,Frontend Lead,Saas-sphyco_code\Sprint  6
Sprint 7,Feature,Team Optimization Engine,Core Features Development,AI optimization,,,Saas-sphyco_code\Sprint  7
Sprint 7,User Story,Compatibility Analysis,Team Optimization Engine,Compatibility models,28h,Data Scientist,Saas-sphyco_code\Sprint  7
Sprint 7,User Story,Recommendation Engine,Team Optimization Engine,Recommendations,24h,ML Engineer,Saas-sphyco_code\Sprint  7
Sprint 7,User Story,Optimization UI,Team Optimization Engine,Optimization interface,20h,Frontend Dev 2,Saas-sphyco_code\Sprint  7
Sprint 8,Feature,Advanced Analytics,Core Features Development,Predictive analytics,,,Saas-sphyco_code\Sprint  8
Sprint 8,User Story,Behavioral Trend Analysis,Advanced Analytics,Trend detection,26h,Data Scientist,Saas-sphyco_code\Sprint  8
Sprint 8,User Story,Performance Metrics,Advanced Analytics,Productivity analysis,22h,ML Engineer,Saas-sphyco_code\Sprint  8
Sprint 8,User Story,Analytics Visualization,Advanced Analytics,Interactive charts,24h,Frontend Dev 3,Saas-sphyco_code\Sprint  8
Sprint 9,Feature,Advanced Features,Enhancements & Integrations,"Team templates, onboarding",,,Saas-sphyco_code\Sprint  9
Sprint 10,Feature,Third-Party Integrations,Enhancements & Integrations,"Slack, Teams, Email, Calendar",,,Saas-sphyco_code\Sprint  10
Sprint 11,Feature,Mobile & PWA Support,Enhancements & Integrations,Responsive + offline,,,Saas-sphyco_code\Sprint  11
Sprint 12,Feature,Security & Compliance,Enhancements & Integrations,"GDPR, SOC2, SSO",,,Saas-sphyco_code\Sprint  12
Sprint 13,Feature,Automated Testing,Testing & QA,"Unit, integration, E2E",,,Saas-sphyco_code\Sprint  13
Sprint 14,Feature,Manual QA & UAT,Testing & QA,Functional + usability testing,,,Saas-sphyco_code\Sprint  14
Sprint 15,Feature,Performance Optimization,Testing & QA,Perf tuning,,,Saas-sphyco_code\Sprint  15
Sprint 16,Feature,Bug Fixes & Polish,Testing & QA,"Bug fixing, UX polish",,,Saas-sphyco_code\Sprint  16
Sprint 17,Feature,Production Deployment,Deployment & Launch,Infra setup,,,Saas-sphyco_code\Sprint  17
Sprint 18,Feature,Beta Testing & Feedback,Deployment & Launch,Beta users,,,Saas-sphyco_code\Sprint  18
Sprint 19,Feature,Launch Preparation,Deployment & Launch,"Docs, marketing",,,Saas-sphyco_code\Sprint  19
Sprint 20,Feature,Launch Execution,Deployment & Launch,Go-live,,,Saas-sphyco_code\Sprint  20