Work Item Type,Title,Description,Effort,Area,Iteration Path,Parent,ID
Epic,Foundation & Planning,Establish technical foundation,,,sphyco_code,,30
Feature,Project Setup & Architecture,"Repository, CI/CD, DB design",,,sphyco_code\Sprint 1,1,29
Feature,Authentication & User Management,"JWT login, registration, reset",,,sphyco_code\Sprint 2,1,27
Epic,Core Features Development,Core SaaS platform features,,,sphyco_code,,28
Feature,Team Management,"Team CRUD, membership, permissions",,,sphyco_code\Sprint 3,2,
User Story,CRUD Teams,"As a user, I want to create, update, delete teams.",16h,app Dev 2,sphyco_code\Sprint 3,2,
Task,Create team endpoints,POST/PUT/DELETE teams,8h,app Dev 2,sphyco_code\Sprint 3,2,
Task,Team listing & filtering,GET teams,8h,app Dev 2,sphyco_code\Sprint 3,2,
Feature,Assessment Framework,"Framework CRUD, question engine",,,sphyco_code\Sprint 4,2,
User Story,Assessment Framework CRUD,"As an admin, I want to manage assessment frameworks.",18h,app Dev 3,sphyco_code\Sprint 4,2,
Task,Create assessment models,DB models & schema,6h,app Dev 3,sphyco_code\Sprint 4,2,
Task,Implement CRUD operations,Framework endpoints,12h,app Dev 3,sphyco_code\Sprint 4,2,17
Feature,Results & Analytics,"Scoring engine, results visualization",,,sphyco_code\Sprint 5,2,42
User Story,Scoring Engine,"As a data scientist, I want to calculate MBTI/Big Five/DISC scores.",24h,Data Scientist,sphyco_code\Sprint 5,2,18
Task,MBTI scoring,Implement MBTI logic,8h,Data Scientist,sphyco_code\Sprint 5,2,
Task,Big Five scoring,Implement Big Five logic,8h,Data Scientist,sphyco_code\Sprint 5,2,
Task,DISC scoring,Implement DISC logic,8h,Data Scientist,sphyco_code\Sprint 5,2,
Feature,Analytics Dashboard,"Metrics calculation, dashboard UI",,,sphyco_code\Sprint 6,2,
User Story,Dashboard UI,"As a manager, I want to view analytics on a dashboard.",18h,Frontend Lead,sphyco_code\Sprint 6,2,
Task,Build dashboard layout,Create dashboard shell,6h,Frontend Lead,sphyco_code\Sprint 6,2,
Task,Create metric cards,Add charts,6h,Frontend Lead,sphyco_code\Sprint 6,2,
Task,Responsive design,Make mobile-ready,6h,Frontend Lead,sphyco_code\Sprint 6,2,
Feature,Team Optimization Engine,AI-based recommendations,,,sphyco_code\Sprint 7,2,
User Story,Recommendation Engine,"As a manager, I want AI recommendations for team composition.",24h,ML Engineer,sphyco_code\Sprint 7,2,
Task,Compatibility analysis,Build personality compatibility,12h,ML Engineer,sphyco_code\Sprint 7,2,
Task,Role assignment suggestions,Recommend team roles,12h,ML Engineer,sphyco_code\Sprint 7,2,
Epic,Enhancements & Integrations,"Extra features, integrations, security",,,sphyco_code,,
Feature,Third-Party Integrations,"Slack, Teams, Email, Calendar",,,sphyco_code\Sprint 10,3,
User Story,Slack Integration,"As a user, I want Slack notifications for team insights.",20h,app Dev 3,sphyco_code\Sprint 10,3,
Task,Build Slack bot,Bot API,10h,app Dev 3,sphyco_code\Sprint 10,3,
Task,Implement slash commands,Slack commands,10h,app Dev 3,sphyco_code\Sprint 10,3,
Feature,Mobile & PWA Support,"Responsive UI, offline",,,sphyco_code\Sprint 11,3,
User Story,Mobile Responsive UI,"As a user, I want to use the platform on mobile devices.",24h,Frontend Dev 3,sphyco_code\Sprint 11,3,
Task,Optimize components for mobile,CSS adjustments,12h,Frontend Dev 3,sphyco_code\Sprint 11,3,
Task,Touch-friendly UI,Add gestures,12h,Frontend Dev 3,sphyco_code\Sprint 11,3,
Feature,Security & Compliance,"GDPR, SOC2, SSO",,,sphyco_code\Sprint 12,3,
User Story,GDPR Compliance,"As an org, we must meet GDPR compliance.",20h,app Lead,sphyco_code\Sprint 12,3,
Task,Data export,User data export API,10h,app Lead,sphyco_code\Sprint 12,3,
Task,Data deletion workflow,Right-to-erasure,10h,app Lead,sphyco_code\Sprint 12,3,
Epic,Testing & QA,"Automated tests, manual QA, performance",,,sphyco_code,,
Feature,Automated Testing,"Unit, integration, E2E",,,sphyco_code\Sprint 13,4,
User Story,app Unit Tests,"As a app dev, I want 90% coverage.",32h,app Team,sphyco_code\Sprint 13,4,
Task,Write unit tests,Pytest unit tests,16h,app Team,sphyco_code\Sprint 13,4,
Task,Integration tests,Test endpoints,16h,app Team,sphyco_code\Sprint 13,4,
Feature,Manual QA & UAT,Functional & usability testing,,,sphyco_code\Sprint 14,4,
User Story,Usability Testing,"As a QA, I want to test with beta users.",24h,QA Team,sphyco_code\Sprint 14,4,
Task,Accessibility audits,WCAG compliance,12h,QA Team,sphyco_code\Sprint 14,4,
Task,Beta user feedback,Collect input,12h,QA Team,sphyco_code\Sprint 14,4,
Epic,Deployment & Launch,"Production setup, beta, launch",,,sphyco_code,,
Feature,Production Deployment,"Infra, DB, security setup",,,sphyco_code\Sprint 17,5,
User Story,Infrastructure Deployment,"As a DevOps lead, I want production infra configured.",24h,DevOps Lead,sphyco_code\Sprint 17,5,
Task,K8s cluster setup,Prod cluster,12h,DevOps Lead,sphyco_code\Sprint 17,5,
Task,Monitoring & logging,Prometheus/Grafana,12h,DevOps Lead,sphyco_code\Sprint 17,5,
Feature,Launch Preparation,"Docs, marketing, regression tests",,,sphyco_code\Sprint 19,5,
User Story,Documentation Completion,"As a technical writer, I want docs ready before launch.",24h,Technical Writer,sphyco_code\Sprint 19,5,
Task,API documentation,Swagger docs,12h,Technical Writer,sphyco_code\Sprint 19,5,
Task,Deployment guides,Ops guides,12h,Technical Writer,sphyco_code\Sprint 19,5,
Feature,Launch Execution,"Go-live activities, monitoring",,,sphyco_code\Sprint 20,5,
User Story,Go-Live,"As a team, we want to execute the launch smoothly.",40h,All Teams,sphyco_code\Sprint 20,5,
Task,Deploy to prod,Final release,20h,DevOps Lead,sphyco_code\Sprint 20,5,
Task,Monitor system performance,Post-launch monitoring,20h,DevOps Lead,sphyco_code\Sprint 20,5,
,,,,,,,
,,,,,,,
,,,,,,,